Model,Accuracy,Precision,Recall,F1 Score
Logistic Regression,0.93,0.9135802469135802,0.9135802469135802,0.9135802469135802
Decision Tree,0.84,0.8266666666666667,0.7654320987654321,0.7948717948717948
Random Forest,0.935,0.9594594594594594,0.8765432098765432,0.9161290322580645
